customer_name,customer_profile,thumbnail,rating,review_title,date,review_snippet
Kate PritchardKate Pritchard,/gp/profile/amzn1.account.AEKFCIBJ6JF4FUJ65GCRDJDQN5EQ,https://images-na.ssl-images-amazon.com/images/G/01/x-locale/common/grey-pixel.gif,5.0 out of 5 stars5.0 out of 5 stars,5.0 out of 5 starsGreat walking shoe (and cute too)!,"Reviewed in the United States on March 16, 2026","I bought the Adidas Womenïŋ―ïŋ―ïŋ―s VL Court 3.0 Sneaker as comfortable walking shoes for my first trip to Europe, and they exceeded my expectations. The color is beautiful and I absolutely love the hot pink detail on the back ïŋ―ïŋ―ïŋ― it adds the perfect pop.These shoes really proved themselves on my trip. I walked 58,000 steps in three days and my feet never hurt once while wearing them. I only wore them to work for one day before leaving, and that was enough to break them in and make them perfectly comfortable.I also got so many compliments on them while traveling!For sizing: I usually wear a 7.5 and thatïŋ―ïŋ―ïŋ―s what I ordered, and they fit well. That said, they might have been just a little more comfortable if I had gone up half a size, especially for lots of walking.Overall, Iïŋ―ïŋ―ïŋ―m really happy with these and would highly recommend them if youïŋ―ïŋ―ïŋ―re looking for stylish sneakers that can handle a lot of walking. (Also, photo was taken after my trip- many airports, the streets of Lisbon and Pr the wear)"
Taryn,/gp/profile/amzn1.account.AG5N2ADX52BSOTURSH24BX4752ZA,https://images-na.ssl-images-amazon.com/images/G/01/x-locale/common/grey-pixel.gif,5.0 out of 5 stars,5.0 out of 5 starsA Fun Neutral with Personality ïŋ―ïŋ―ïŋ― Stylish and Surprisingly Ver,"Reviewed in the United States on February 22, 2026","These are such a fun twist on a classic sneaker. The subtle snake print gives them personality while still functioning as a neutral that goes with almost everything.Iïŋ―ïŋ―ïŋ―m a size 11, and they donïŋ―ïŋ―ïŋ―t look or feel oversized. The silhouette is sleek and flattering, and they feel lightweight and comfortable for all-day wear.I get compliments on these regularly. Theyïŋ―ïŋ―ïŋ―re easy to style and instantly make a simple outfit feel more intentional. Great quality and a really fun addition to a sneaker coll"
DHL,/gp/profile/amzn1.account.AEXNFRGW3X6MVKVJAQFCZWVA52GQ,https://images-na.ssl-images-amazon.com/images/G/01/x-locale/common/grey-pixel.gif,5.0 out of 5 stars,5.0 out of 5 starsCute and comfortable,"Reviewed in the United States on February 20, 2026","Cute, comfortable, supportive. Wear all day, typical weight shoe. Super cute getting multiple compliments. Shoe has held up well. Easy to clean, suede on toe makes durable. Color in description is accurate. True to size shoe."
Alsanique,/gp/profile/amzn1.account.AEMGDGXJCFTEYX6UA5IWFQAJEMDQ,https://images-na.ssl-images-amazon.com/images/G/01/x-locale/common/grey-pixel.gif,4.0 out of 5 stars,4.0 out of 5 starsNice shoe,"Reviewed in the United States on February 2, 2026",Nice sneakers for a fraction of the price of a samba. Itïŋ―ïŋ―ïŋ―s pretty comfortable and looks great on the feet. Runs a bit large so I recommend size down a half size from your actual shoe size. It goes well with any outfit for any occ
Mandi Mills,/gp/profile/amzn1.account.AGRU2FIK3MNR2PIUG5JJZ265DU6Q,https://images-na.ssl-images-amazon.com/images/G/01/x-locale/common/grey-pixel.gif,5.0 out of 5 stars,5.0 out of 5 starsStylish and comfortable sneakers,"Reviewed in the United States on February 10, 2026","Iïŋ―ïŋ―ïŋ―ve been wearing these adidas sneakers almost every day, and theyïŋ―ïŋ―ïŋ―re super comfortable. They fit true to size and have just the right amount of cushioning for walking or casual outings. The design is cute and goes with pretty much everything in my wardrobe.I also love how lightweight they feelïŋ―ïŋ―ïŋ―theyïŋ―ïŋ―ïŋ―re easy to wear all day without my feet getting tired. Theyïŋ―ïŋ―ïŋ―re holding up well, and Iïŋ―ïŋ―ïŋ―ve gotten a few compliments on them already. Definitely"
Adriana Adriana ,/gp/profile/amzn1.account.AF2T34IPMPUA2I7DYVVQENUUOTBQ,https://images-na.ssl-images-amazon.com/images/G/01/x-locale/common/grey-pixel.gif,5.0 out of 5 stars5.0 out of 5 stars,5.0 out of 5 starsFirm and true size!,"Reviewed in the United States on March 8, 2026",They are so cute!! Only a bit tight at first but using it feels comfortable. Really sturdy too!
mah,/gp/profile/amzn1.account.AFYIJVDJRIZXQW5HYHESBXXJV54Q,https://images-na.ssl-images-amazon.com/images/G/01/x-locale/common/grey-pixel.gif,5.0 out of 5 stars,5.0 out of 5 starsVery cute but shoe runs big,"Reviewed in the United States on February 21, 2026","I love these! Very cute,comfortable and high quality. They do run quite big!  My normal shoe size is 8.5 and I had to size down to a 7.5 in these. Very surprising as I have never worn a 7.5 in my life. My feet are average width with long toes,definitely not narrow or small. The 8.5 was way too big in these, like clown shoes and I was tripping over them ïŋ―ïŋ―ïŋ―ïŋ― very happy with them now that I found the rig"
Christelle Franïŋ―ïŋ―ois Christelle Franïŋ,/gp/profile/amzn1.account.AE3WASYBCHDGI6JWDGLBGW7EM3MA,https://images-na.ssl-images-amazon.com/images/G/01/x-locale/common/grey-pixel.gif,5.0 out of 5 stars5.0 out of 5 stars,"5.0 out of 5 starsSimple, comfortable, and truly stylish.ïŋ―ïŋ―ïŋ― ï","Reviewed in the United States on February 22, 2026","Good size, Comfort, great Quality and heel support ïŋ―ïŋ―ïŋ―ïŋ―ïŋ―ïŋ―ïŋ―ïŋ―ïŋ―ïŋ― I love itComfort 10/10, style 10/10. Black and white always get the j"
Hedy,NA,https://images-na.ssl-images-amazon.com/images/G/01/x-locale/common/grey-pixel.gif,5.0 out of 5 stars,Size up,"Reviewed in Egypt on April 16, 2025","I usually were 38, but 38 2/3 fits perfectly. Looks nice, and in my opinion more comfortable than Samba."
Ansi ,NA,https://images-na.ssl-images-amazon.com/images/G/01/x-locale/common/grey-pixel.gif,5.0 out of 5 stars,Trïŋ―ïŋ―s confortables et parfaites pour tous les j,"Reviewed in France on September 19, 2025","Jïŋ―ïŋ―ïŋ―avais dïŋ―ïŋ―jïŋ―ïŋ― ce modïŋ―ïŋ―le de baskets Adidas VL Court 3.0 et jïŋ―ïŋ―ïŋ―en ïŋ―ïŋ―tais tellement satisfaite que je les ai offertes ïŋ―ïŋ― ma mïŋ―ïŋ―re. Elles sont trïŋ―ïŋ―s belles, trïŋ―ïŋ―s confortables et se portent facilement avec toutes sortes de tenues. Elles sont aussi moins chïŋ―ïŋ―res que les modïŋ―ïŋ―les classiques comme les Samba, tout en y ressemblant beaucoup. La semelle est un peu plus ïŋ―ïŋ―paisse, ce qui les rend idïŋ―ïŋ―ales pour les personnes ayant les pieds sensibles ou qui nïŋ―ïŋ―ïŋ―aiment pas les semelles trop plates. Bref, un excellent choi"
Vanessa Dion,NA,https://images-na.ssl-images-amazon.com/images/G/01/x-locale/common/grey-pixel.gif,5.0 out of 5 stars,Parfaites,"Reviewed in Canada on March 2, 2025","6 mois plus tard , mes chaussures sont toujours aussi confortables et aucunes brisures encore ."
Hande assakerHande assaker,NA,https://images-na.ssl-images-amazon.com/images/G/01/x-locale/common/grey-pixel.gif,5.0 out of 5 stars5.0 out of 5 stars,Fp ïŋ―ïŋ―rï,"Reviewed in Turkey on January 3, 2026",ýýok beýýendim normal kalýýp belki hafif dar
Leigh-Ann Bahowrie,NA,https://images-na.ssl-images-amazon.com/images/G/01/x-locale/common/grey-pixel.gif,5.0 out of 5 stars,Cute!,"Reviewed in Canada on February 17, 2026","Super comfortable, and cute. They do fit a bit longer in length. Iïŋ―ïŋ―ïŋ―m usually a size 8, but exchanged for 7.5. You can dress them up or"
